image,link,title
/static/portals/free-to-use/public-domain/travel-posters/13399u.jpg,/resource/ppmsca.13399/,"Yellowstone National Park, Ranger Naturalist Service"
/static/portals/free-to-use/public-domain/travel-posters/06845u.jpg,/resource/ds.06845/,Fly TWA New York / David.
/static/portals/free-to-use/public-domain/travel-posters/13397u.jpg,/resource/ppmsca.13397/,Grand Canyon National Park
/static/portals/free-to-use/public-domain/travel-posters/3g05158u.jpg,/resource/cph.3g05158/,"Buckingham Fountain on Chicago's lake front, world's largest and most beautiful illuminated fountain"
/static/portals/free-to-use/public-domain/travel-posters/13396u.jpg,/resource/ppmsca.13396/,"Fort Marion National Monument, St. Augustine, Florida"
/static/portals/free-to-use/public-domain/travel-posters/3b48750u.jpg,/resource/cph.3b48750/,See America Welcome to Montana
/static/portals/free-to-use/public-domain/travel-posters/3b48864u.jpg,/resource/cph.3b48864/,"A guide to the golden state from the past to the present California history and culture, tours and trails"
/static/portals/free-to-use/public-domain/travel-posters/3b48718u.jpg,/resource/cph.3b48718/,Illinois: A descriptive and historical guide
/static/portals/free-to-use/public-domain/travel-posters/3b48860u.jpg,/resource/cph.3b48860/,"When attending the World's Fair, visit beautiful Sea Cliff 250 ft. altitude"
/static/portals/free-to-use/public-domain/travel-posters/3b49082u.jpg,/resource/cph.3b49082/,Visit Pennsylvania Where pre-revolutionary costumes still survive
/static/portals/free-to-use/public-domain/travel-posters/3b48733u.jpg,/resource/cph.3b48733/,See America Visit the national parks.
/static/portals/free-to-use/public-domain/travel-posters/43496u.jpg,/resource/ppmsca.43496/,Bermuda
/static/portals/free-to-use/public-domain/travel-posters/3b48731u.jpg,/resource/cph.3b48731/,See America / Frank S. Nicholson.
/static/portals/free-to-use/public-domain/travel-posters/08068u.jpg,/resource/ds.08068/,Discover Puerto Rico U.S.A. Where the Americas meet.
/static/portals/free-to-use/public-domain/travel-posters/3f05643u.jpg,/resource/cph.3f05643/,Discover Puerto Rico U.S.A. Where the Americas meet.
/static/portals/free-to-use/public-domain/travel-posters/3b51486u.jpg,/resource/cph.3b51486/,Rural Pennsylvania / Katherine Milhous.
/static/portals/free-to-use/public-domain/travel-posters/3g02947u.jpg,/resource/cph.3g02947/,"West Point, United States Military Academy"
/static/portals/free-to-use/public-domain/travel-posters/13398u.jpg,/resource/ppmsca.13398/,"Lassen Volcanic National Park, Ranger Naturalist Service"
/static/portals/free-to-use/public-domain/travel-posters/13400u.jpg,/resource/ppmsca.13400/,"Zion National Park, Ranger Naturalist Service"
/static/portals/free-to-use/public-domain/travel-posters/04892u.jpg,/resource/ppmsca.04892/,Just one long step to Sea Cliff
/static/portals/free-to-use/public-domain/travel-posters/3g04243u.jpg,/resource/cph.3g04243/,See America / Dux.
